{
    "data": [
        {
            "User": {
                "last_name": "Representative",
                "first_name": "Bike"
            },
            "Payment": {
                "payment_date": "2013-11-06",
                "depot_id": "2",
                "distributor_id": "0",
                "brand_id": "0",
                "transaction_id": "",
                "modified": "2013-11-27 15:26:16",
                "amount": "45",
                "bank_id": "1",
                "id": "6",
                "payment_ref": "ydgb",
                "title": "This is die",
                "created": "2013-11-27 15:26:16",
                "payment_mode": "Cash",
                "user_id": "6",
                "notes": "hgnhfnhfnhnh hn nh nhhn"
            },
            "Bank": {
                "id": "1",
                "name": "Access Bank"
            }
        },
        {
            "User": {
                "last_name": "lastupda",
                "first_name": "Update"
            },
            "Payment": {
                "payment_date": "2013-11-20",
                "depot_id": "2",
                "distributor_id": "0",
                "brand_id": "3",
                "transaction_id": "",
                "modified": "2013-12-11 10:57:58",
                "amount": "10000",
                "bank_id": "1",
                "id": "5",
                "payment_ref": "2323DFF22",
                "title": "Tejsdj",
                "created": "2013-11-15 06:32:33",
                "payment_mode": "Cash",
                "user_id": "2",
                "notes": "Test notes"
            },
            "Bank": {
                "id": "1",
                "name": "Access Bank"
            }
        },
        {
            "User": {
                "last_name": "Admin",
                "first_name": "System"
            },
            "Payment": {
                "payment_date": "2013-11-22",
                "depot_id": "0",
                "distributor_id": "0",
                "brand_id": "0",
                "transaction_id": "",
                "modified": "2013-11-14 08:58:00",
                "amount": "4555.55",
                "bank_id": "1",
                "id": "2",
                "payment_ref": "dfdsf",
                "title": "kdsfksdl",
                "created": "2013-11-14 08:58:00",
                "payment_mode": "Cheque",
                "user_id": "1",
                "notes": ""
            },
            "Bank": {
                "id": "1",
                "name": "Access Bank"
            }
        },
        {
            "User": {
                "last_name": "Admin",
                "first_name": "System"
            },
            "Payment": {
                "payment_date": "2013-11-27",
                "depot_id": "0",
                "distributor_id": "0",
                "brand_id": "0",
                "transaction_id": "",
                "modified": "2013-11-14 11:21:29",
                "amount": "13423",
                "bank_id": "2",
                "id": "3",
                "payment_ref": "sdasda43",
                "title": "xcmzxcm, update",
                "created": "2013-11-14 08:59:36",
                "payment_mode": "Cash",
                "user_id": "1",
                "notes": "lka dlk ajdlask djlkasjd klasjd klasjd kalsjdkasldj klasjd askld\r\nj slkajd slkadjskal djsa\r\nkdj aslkdj sakldj slkad a\r\ncvcxvxc\r\ncvcx"
            },
            "Bank": {
                "id": "2",
                "name": "Diamond Bank"
            }
        },
        {
            "User": {
                "last_name": "lastupda",
                "first_name": "Update"
            },
            "Payment": {
                "payment_date": "2013-12-11",
                "depot_id": "2",
                "distributor_id": "0",
                "brand_id": "1",
                "transaction_id": "",
                "modified": "2013-12-11 10:57:49",
                "amount": "100",
                "bank_id": "3",
                "id": "7",
                "payment_ref": "43",
                "title": "",
                "created": "2013-12-11 09:41:33",
                "payment_mode": "Cash",
                "user_id": "2",
                "notes": "trgdfg"
            },
            "Bank": {
                "id": "3",
                "name": "Eco Bank"
            }
        },
        {
            "User": {
                "last_name": "Admin",
                "first_name": "System"
            },
            "Payment": {
                "payment_date": "2013-12-11",
                "depot_id": "3",
                "distributor_id": "0",
                "brand_id": "3",
                "transaction_id": "",
                "modified": "2013-12-11 10:01:51",
                "amount": "100",
                "bank_id": "6",
                "id": "8",
                "payment_ref": "32342",
                "title": "",
                "created": "2013-12-11 10:01:51",
                "payment_mode": "Cheque",
                "user_id": "1",
                "notes": "fdg  dgdfgdfgdf"
            },
            "Bank": {
                "id": "6",
                "name": "Fidelity Bank"
            }
        },
        {
            "User": {
                "last_name": "Dozie",
                "first_name": "Sam "
            },
            "Payment": {
                "payment_date": "2013-12-16",
                "depot_id": "20",
                "distributor_id": "0",
                "brand_id": "4",
                "transaction_id": "",
                "modified": "2013-12-18 16:52:07",
                "amount": "3000000",
                "bank_id": "1",
                "id": "15",
                "payment_ref": "234567",
                "title": "",
                "created": "2013-12-18 16:52:07",
                "payment_mode": "Bank Deposit",
                "user_id": "40",
                "notes": ""
            },
            "Bank": {
                "id": "1",
                "name": "Access Bank"
            }
        },
        {
            "User": {
                "last_name": "Yakubu",
                "first_name": "Gaba"
            },
            "Payment": {
                "payment_date": "2013-12-17",
                "depot_id": "17",
                "distributor_id": "0",
                "brand_id": "1",
                "transaction_id": "",
                "modified": "2013-12-18 14:05:22",
                "amount": "27000",
                "bank_id": "1",
                "id": "9",
                "payment_ref": "01",
                "title": "",
                "created": "2013-12-18 12:31:46",
                "payment_mode": "Bank Deposit",
                "user_id": "28",
                "notes": ""
            },
            "Bank": {
                "id": "1",
                "name": "Access Bank"
            }
        },
        {
            "User": {
                "last_name": "Yakubu",
                "first_name": "Gaba"
            },
            "Payment": {
                "payment_date": "2013-12-17",
                "depot_id": "17",
                "distributor_id": "0",
                "brand_id": "3",
                "transaction_id": "",
                "modified": "2013-12-18 12:32:17",
                "amount": "28000",
                "bank_id": "1",
                "id": "10",
                "payment_ref": "002",
                "title": "",
                "created": "2013-12-18 12:32:17",
                "payment_mode": "Bank Deposit",
                "user_id": "28",
                "notes": ""
            },
            "Bank": {
                "id": "1",
                "name": "Access Bank"
            }
        },
        {
            "User": {
                "last_name": "Offiah",
                "first_name": "Ken"
            },
            "Payment": {
                "payment_date": "2013-12-17",
                "depot_id": "22",
                "distributor_id": "0",
                "brand_id": "1",
                "transaction_id": "",
                "modified": "2013-12-18 14:04:42",
                "amount": "9999999.999",
                "bank_id": "1",
                "id": "12",
                "payment_ref": "234556",
                "title": "",
                "created": "2013-12-18 14:04:42",
                "payment_mode": "Bank Deposit",
                "user_id": "51",
                "notes": ""
            },
            "Bank": {
                "id": "1",
                "name": "Access Bank"
            }
        },
        {
            "User": {
                "last_name": "Uche",
                "first_name": "Ugwu"
            },
            "Payment": {
                "payment_date": "2013-12-17",
                "depot_id": "21",
                "distributor_id": "0",
                "brand_id": "1",
                "transaction_id": "",
                "modified": "2013-12-18 17:05:30",
                "amount": "2000000",
                "bank_id": "2",
                "id": "17",
                "payment_ref": "0000023",
                "title": "",
                "created": "2013-12-18 17:05:30",
                "payment_mode": "Cheque",
                "user_id": "44",
                "notes": ""
            },
            "Bank": {
                "id": "2",
                "name": "Diamond Bank"
            }
        },
        {
            "User": {
                "last_name": "Rasida",
                "first_name": "kinde"
            },
            "Payment": {
                "payment_date": "2013-12-18",
                "depot_id": "18",
                "distributor_id": "0",
                "brand_id": "1",
                "transaction_id": "",
                "modified": "2013-12-18 13:39:00",
                "amount": "20000",
                "bank_id": "11",
                "id": "11",
                "payment_ref": "45433",
                "title": "",
                "created": "2013-12-18 13:39:00",
                "payment_mode": "Cash",
                "user_id": "33",
                "notes": "Sales "
            },
            "Bank": {
                "id": "11",
                "name": "Mainstreet Bank"
            }
        },
        {
            "User": {
                "last_name": "Yakubu",
                "first_name": "Gaba"
            },
            "Payment": {
                "payment_date": "2013-12-18",
                "depot_id": "17",
                "distributor_id": "0",
                "brand_id": "1",
                "transaction_id": "",
                "modified": "2013-12-18 14:06:03",
                "amount": "9999999.999",
                "bank_id": "1",
                "id": "13",
                "payment_ref": "732467349",
                "title": "",
                "created": "2013-12-18 14:06:03",
                "payment_mode": "Bank Deposit",
                "user_id": "28",
                "notes": ""
            },
            "Bank": {
                "id": "1",
                "name": "Access Bank"
            }
        },
        {
            "User": {
                "last_name": "Offiah",
                "first_name": "Ken"
            },
            "Payment": {
                "payment_date": "2013-12-18",
                "depot_id": "22",
                "distributor_id": "0",
                "brand_id": "1",
                "transaction_id": "",
                "modified": "2013-12-18 16:33:18",
                "amount": "500000",
                "bank_id": "1",
                "id": "14",
                "payment_ref": "2345678",
                "title": "",
                "created": "2013-12-18 16:33:18",
                "payment_mode": "Bank Deposit",
                "user_id": "51",
                "notes": ""
            },
            "Bank": {
                "id": "1",
                "name": "Access Bank"
            }
        },
        {
            "User": {
                "last_name": "Adewale",
                "first_name": "Tolu"
            },
            "Payment": {
                "payment_date": "2013-12-18",
                "depot_id": "14",
                "distributor_id": "0",
                "brand_id": "3",
                "transaction_id": "",
                "modified": "2013-12-18 16:57:18",
                "amount": "6700000",
                "bank_id": "6",
                "id": "16",
                "payment_ref": "67875",
                "title": "",
                "created": "2013-12-18 16:56:29",
                "payment_mode": "Cheque",
                "user_id": "29",
                "notes": "payment of pf"
            },
            "Bank": {
                "id": "6",
                "name": "Fidelity Bank"
            }
        },
        {
            "User": {
                "last_name": "Dozie",
                "first_name": "Sam "
            },
            "Payment": {
                "payment_date": "2013-12-18",
                "depot_id": "20",
                "distributor_id": "4",
                "brand_id": "1",
                "transaction_id": "",
                "modified": "2013-12-19 13:37:22",
                "amount": "50000000",
                "bank_id": "3",
                "id": "19",
                "payment_ref": "23567980",
                "title": "",
                "created": "2013-12-18 18:01:35",
                "payment_mode": "Bank Deposit",
                "user_id": "40",
                "notes": ""
            },
            "Bank": {
                "id": "3",
                "name": "Eco Bank"
            }
        },
        {
            "User": {
                "last_name": "Dozie",
                "first_name": "Sam "
            },
            "Payment": {
                "payment_date": "2013-12-19",
                "depot_id": "20",
                "distributor_id": "4",
                "brand_id": "1",
                "transaction_id": "",
                "modified": "2013-12-19 13:44:59",
                "amount": "12000000",
                "bank_id": "1",
                "id": "18",
                "payment_ref": "234567",
                "title": "",
                "created": "2013-12-18 17:54:32",
                "payment_mode": "Cheque",
                "user_id": "40",
                "notes": ""
            },
            "Bank": {
                "id": "1",
                "name": "Access Bank"
            }
        },
        {
            "User": {
                "last_name": "isa",
                "first_name": "Abubakar"
            },
            "Payment": {
                "payment_date": "2013-12-19",
                "depot_id": "0",
                "distributor_id": "0",
                "brand_id": "0",
                "transaction_id": "",
                "modified": "2013-12-19 13:13:57",
                "amount": "5000",
                "bank_id": "1",
                "id": "20",
                "payment_ref": "11",
                "title": "",
                "created": "2013-12-19 13:13:57",
                "payment_mode": "Bank Deposit",
                "user_id": "47",
                "notes": ""
            },
            "Bank": {
                "id": "1",
                "name": "Access Bank"
            }
        },
        {
            "User": {
                "last_name": "isa",
                "first_name": "Abubakar"
            },
            "Payment": {
                "payment_date": "2013-12-19",
                "depot_id": "0",
                "distributor_id": "0",
                "brand_id": "0",
                "transaction_id": "",
                "modified": "2013-12-19 13:14:32",
                "amount": "50",
                "bank_id": "1",
                "id": "21",
                "payment_ref": "22",
                "title": "",
                "created": "2013-12-19 13:14:32",
                "payment_mode": "Bank Deposit",
                "user_id": "47",
                "notes": ""
            },
            "Bank": {
                "id": "1",
                "name": "Access Bank"
            }
        },
        {
            "User": {
                "last_name": "isa",
                "first_name": "Abubakar"
            },
            "Payment": {
                "payment_date": "2013-12-19",
                "depot_id": "0",
                "distributor_id": "0",
                "brand_id": "0",
                "transaction_id": "",
                "modified": "2013-12-19 13:14:57",
                "amount": "1000",
                "bank_id": "1",
                "id": "22",
                "payment_ref": "33",
                "title": "",
                "created": "2013-12-19 13:14:57",
                "payment_mode": "Bank Deposit",
                "user_id": "47",
                "notes": ""
            },
            "Bank": {
                "id": "1",
                "name": "Access Bank"
            }
        }
    ],
    "error": 0,
    "paging": {
        "current": 20,
        "pageCount": 2,
        "count": 29,
        "page": 1,
        "next": "http://smalution.net/y3/services/getPaymentList.json?token=8480580552d29d5fe58529.58270835&page=2"
    }
}